year,cloud-provider,cloud-region,cfe-region,em-zone-id,wt-region-id,location,geolocation,pue
2022,Google Cloud,asia-east1,Taiwan,TW,TW,Taiwan,"25.0375,121.5625",1.100
2022,Google Cloud,asia-east2,Hong Kong,HK,HK,Hong Kong,"22.3,114.2",1.100
2022,Google Cloud,asia-northeast1,Tokyo,JP-TK,JP_TK,Tokyo,"35.6897,139.692",1.100
2022,Google Cloud,asia-northeast2,Kansai,JP-KN,JP_KN,Osaka,"34.6939,135.502",1.100
2022,Google Cloud,asia-northeast3,South Korea,KR,KOR,Seoul,"37.56,126.99",1.100
2022,Google Cloud,asia-south1,Maharashtra,IN-MH,IND,Mumbai,"19.0761,72.8775",1.100
2022,Google Cloud,asia-south2,Uttar Pradesh,IN-UP,IND,Delhi,"28.6092,76.9798",1.100
2022,Google Cloud,asia-southeast1,Singapore,SG,SGP,Singapore,"1.3,103.8",1.100
2022,Google Cloud,asia-southeast2,Indonesia,ID,ID,Jakarta,"-6.2507,106.869",1.100
2022,Google Cloud,australia-southeast1,New South Wales,AUS-NSW,NEM_NSW,Sydney,"-33.8678,151.21",1.100
2022,Google Cloud,australia-southeast2,Victoria,AUS-VIC,NEM_VIC,Melbourne,"-37.8142,144.963",1.100
2022,Google Cloud,europe-central2,Poland,PL,PL,Warsaw,"52.23,21.0111",1.100
2022,Google Cloud,europe-north1,Finland,FI,FI,Finland,"60.1708,24.9375",1.100
2022,Google Cloud,europe-southwest1,Spain,ES,ES,Madrid,"40.3333,-3.8667",1.100
2022,Google Cloud,europe-west1,Belgium,BE,BE,Belgium,"51.1333,4.5667",1.100
2022,Google Cloud,europe-west2,Great Britain,GB,UK,London,"51.726,-0.3",1.100
2022,Google Cloud,europe-west3,Germany,DE,DE,Frankfurt,"50.1106,8.6822",1.100
2022,Google Cloud,europe-west4,Netherlands,NL,NL,Netherlands,"51.9167,4.5",1.100
2022,Google Cloud,europe-west6,Switzerland,CH,CH,Zurich,"47.3744,8.5411",1.100
2022,Google Cloud,europe-west8,North Italy,IT,IT,Milan,"45.4669,9.19",1.100
2022,Google Cloud,europe-west9,France,FR,FR,Paris,"48.8567,2.3522",1.100
2022,Google Cloud,europe-west12,North Italy,IT,IT,Turin,"45.0792,7.6761",1.100
2022,Google Cloud,me-west1,Israel,IL,IL,Tel Aviv,"32.0167,34.7667",1.100
2022,Google Cloud,northamerica-northeast1,Quebec,CA-QC,HQ,Montr�al,"45.5089,-73.5617",1.100
2022,Google Cloud,northamerica-northeast2,Ontario,CA-ON,IESO_NORTH,Toronto,"43.7417,-79.3733",1.100
2022,Google Cloud,southamerica-east1,Central Brazil,BR-CS,BRA,S�o Paulo,"-3.45,-68.95",1.100
2022,Google Cloud,southamerica-west1,Chile,CL-SEN,CHL,Santiago,"-33.4372,-70.6506 ",1.100
2022,Google Cloud,us-central1,MISO,US-MIDW-MISO,MISO_MASON_CITY,Iowa,"41.5725,-93.6105 ",1.100
2022,Google Cloud,us-east1,SC,US-CAR-SC,SC,South Carolina,"34.8354,-82.3646 ",1.100
2022,Google Cloud,us-east4,PJM,US-MIDA-PJM,PJM_DC,Northern Virginia,"39.1057,-77.5544 ",1.100
2022,Google Cloud,us-east5,PJM,US-MIDA-PJM,PJM_SOUTHWEST_OH,Columbus,"41.4366,-97.3565 ",1.100
2022,Google Cloud,us-south1,ERCOT,US-TEX-ERCO,ERCOT_NORTHCENTRAL,Dallas,"44.9221,-123.313 ",1.100
2022,Google Cloud,us-west1,BPA,US-NW-BPAT,BPA,Oregon,"45.5372,-122.3955 ",1.100
2022,Google Cloud,us-west2,CAISO,US-CAL-CISO,LDWP,Los Angeles,"34.1141,-118.4068 ",1.100
2022,Google Cloud,us-west3,PACE,US-NW-PACE,PACE,Salt Lake City,"40.7776,-111.9311 ",1.100
2022,Google Cloud,us-west4,NVE,US-NW-NEVP,NEVP,Las Vegas,"35.6011,-105.2206 ",1.100
2022,Amazon Web Services,us-east-2,PJM,US-MIDA-PJM,PJM_SOUTHWEST_OH,US East (Ohio),"39.8689,-84.3292 ",1.200
2022,Amazon Web Services,us-east-1,PJM,US-MIDA-PJM,PJM_DC,US East (N. Virginia),"39.1057,-77.5544 ",1.200
2022,Amazon Web Services,us-west-1,CAISO,US-CAL-CISO,CAISO_NORTH,US West (N. California),"34.0497,-118.1326 ",1.200
2022,Amazon Web Services,us-west-2,BPA,US-NW-BPAT,BPA,US West (Oregon),"45.5371,-122.65 ",1.200
2022,Amazon Web Services,af-south-1,South Africa,ZA,ZA,Africa (Cape Town),"-33.9253,18.4239 ",1.200
2022,Amazon Web Services,ap-east-1,Hong Kong,HK,HK,Asia Pacific (Hong Kong),"22.3,114.2",1.200
2022,Amazon Web Services,ap-south-2,India,,IND,Asia Pacific (Hyderabad),"17.385,78.4867 ",1.200
2022,Amazon Web Services,ap-southeast-3,Indonesia,ID,ID,Asia Pacific (Jakarta),"-6.175,106.8275 ",1.200
2022,Amazon Web Services,ap-southeast-4,Victoria,AUS-VIC,NEM_VIC,Asia Pacific (Melbourne),"-37.8142,144.963",1.200
2022,Amazon Web Services,ap-south-1,Maharashtra,IN-MH,IND,Asia Pacific (Mumbai),"19.0761,72.8775",1.200
2022,Amazon Web Services,ap-northeast-3,Kansai,JP-KN,JP_KN,Asia Pacific (Osaka),"34.6939,135.502",1.200
2022,Amazon Web Services,ap-northeast-2,South Korea,KR,KOR,Asia Pacific (Seoul),"37.56,126.99",1.200
2022,Amazon Web Services,ap-southeast-1,Singapore,SG,SGP,Asia Pacific (Singapore),"1.3,103.8",1.200
2022,Amazon Web Services,ap-southeast-2,New South Wales,AUS-NSW,NEM_NSW,Asia Pacific (Sydney),"-33.8678,151.21",1.200
2022,Amazon Web Services,ap-northeast-1,Tokyo,JP-TK,JP_TK,Asia Pacific (Tokyo),"35.6897,139.692",1.200
2022,Amazon Web Services,ca-central-1,Quebec,CA-QC,HQ,Canada (Central),"45.5089,-73.5617",1.200
2022,Amazon Web Services,eu-central-1,Germany,DE,DE,Europe (Frankfurt),"50.1106,8.6822",1.200
2022,Amazon Web Services,eu-west-1,Ireland,IE,IE,Europe (Ireland),"53.35,-6.2603 ",1.200
2022,Amazon Web Services,eu-west-2,Great Britain,GB,UK,Europe (London),"51.726,-0.3",1.200
2022,Amazon Web Services,eu-south-1,North Italy,IT,IT,Europe (Milan),"45.4669,9.19",1.200
2022,Amazon Web Services,eu-west-3,France,FR,FR,Europe (Paris),"48.8567,2.3522",1.200
2022,Amazon Web Services,eu-south-2,Spain,ES,ES,Europe (Spain),"40.3333,-3.8667",1.200
2022,Amazon Web Services,eu-north-1,Sweden,SE,SE,Europe (Stockholm),"59.3294,18.0686 ",1.200
2022,Amazon Web Services,eu-central-2,Switzerland,CH,CH,Europe (Zurich),"47.3744,8.5411",1.200
2022,Amazon Web Services,il-central-1,Israel,IL,IL,Israel (Tel Aviv),"32.0167,34.7667",1.200
2022,Amazon Web Services,me-south-1,Bahrain,BH,BH,Middle East (Bahrain),"26.219,50.538 ",1.200
2022,Amazon Web Services,me-central-1,UAE,AE,AE,Middle East (UAE),"25.2631,55.2972 ",1.200
2022,Amazon Web Services,sa-east-1,Central Brazil,BR-CS,BRA,South America (S�o Paulo),"-3.45,-68.95",1.200
2022,Amazon Web Services,us-gov-east-1,PJM,US-MIDA-PJM,PJM_DC,GovCloud (US East),"39.1057,-77.5544 ",1.200
2022,Amazon Web Services,us-gov-west-1,BPA,US-NW-BPAT,BPA,GovCloud (US West),"45.5371,-122.65 ",1.200
2022,Amazon Web Services,cn-north-1,,,,China (Beijing),"39.904,116.4075 ",1.200
2022,Amazon Web Services,cn-northwest-1,,,,China (Ningxia),"38.4795,106.2254 ",1.200
2024,Microsoft Azure,eastus,PJM,US-MIDA-PJM,PJM_SOUTHWEST_OH,US East (Ohio),"39.8689,-84.3292 ",1.170
2024,Microsoft Azure,eastus2,PJM,US-MIDA-PJM,PJM_DC,US East (N. Virginia),"39.1057,-77.5544 ",1.170
2024,Microsoft Azure,southcentralus,ERCOT,US-TEX-ERCO,ERCOT_NORTHCENTRAL,Dallas,"44.9221,-123.313 ",1.170
2024,Microsoft Azure,westus2,CAISO,US-CAL-CISO,CAISO_NORTH,US West (N. California),"34.0497,-118.1326 ",1.170
2024,Microsoft Azure,westus3,CAISO,US-CAL-CISO,CAISO_NORTH,US West (N. California),"34.0497,-118.1326 ",1.170
2024,Microsoft Azure,australiaeast,Victoria,AUS-VIC,NEM_VIC,Asia Pacific (Melbourne),"-37.8142,144.963",1.405
2024,Microsoft Azure,southeastasia,Singapore,SG,SGP,Singapore,"1.3,103.8",1.405
2024,Microsoft Azure,northeurope,Sweden,SE,SE,Europe (Stockholm),"59.3294,18.0686 ",1.185
2024,Microsoft Azure,swedencentral,Sweden,SE,SE,Europe (Stockholm),"59.3294,18.0686 ",1.185
2024,Microsoft Azure,uksouth,Great Britain,GB,UK,London,"51.726,-0.3",1.185
2024,Microsoft Azure,westeurope,France,FR,FR,Europe (Paris),"48.8567,2.3522",1.185
2024,Microsoft Azure,centralus,ERCOT,US-TEX-ERCO,ERCOT_NORTHCENTRAL,Dallas,"44.9221,-123.313 ",1.170
2024,Microsoft Azure,southafricanorth,South Africa,ZA,ZA,Africa (Cape Town),"-33.9253,18.4239 ",1.185
2024,Microsoft Azure,centralindia,India,,IND,Asia Pacific (Hyderabad),"17.385,78.4867 ",1.405
2024,Microsoft Azure,eastasia,Hong Kong,HK,HK,Asia Pacific (Hong Kong),"22.3,114.2",1.405
2024,Microsoft Azure,japaneast,Tokyo,JP-TK,JP_TK,Tokyo,"35.6897,139.692",1.405
2024,Microsoft Azure,koreacentral,South Korea,KR,KOR,Seoul,"37.56,126.99",1.405
2024,Microsoft Azure,canadacentral,Quebec,CA-QC,HQ,Canada (Central),"45.5089,-73.5617",1.170
2024,Microsoft Azure,francecentral,France,FR,FR,Paris,"48.8567,2.3522",1.185
2024,Microsoft Azure,germanywestcentral,Germany,DE,DE,Europe (Frankfurt),"50.1106,8.6822",1.185
2024,Microsoft Azure,italynorth,North Italy,IT,IT,Europe (Milan),"45.4669,9.19",1.185
2024,Microsoft Azure,norwayeast,Norway,NO,NO,Europe(Bergen),"60.3894,5.33 ",1.185
2024,Microsoft Azure,polandcentral,Poland,PL,PL,Warsaw,"52.23,21.0111",1.185
2024,Microsoft Azure,switzerlandnorth,Switzerland,CH,CH,Zurich,"47.3744,8.5411",1.185
2024,Microsoft Azure,uaenorth,UAE,AE,AE,Middle East (UAE),"25.2631,55.2972 ",1.185
2024,Microsoft Azure,brazilsouth,South Brazil,BR-CS,BRA,Brazil,"-3.45,-68.95",1.170
2024,Microsoft Azure,centraluseuap,ERCOT,US-TEX-ERCO,ERCOT_NORTHCENTRAL,Dallas,"44.9221,-123.313 ",1.170
2024,Microsoft Azure,israelcentral,Israel,IL,IL,Israel (Tel Aviv),"32.0167,34.7667",1.185
2024,Microsoft Azure,qatarcentral,Qatar,QT,QT,Qatar,"25.69,51.51 ",1.185
2024,Microsoft Azure,centralusstage,ERCOT,US-TEX-ERCO,ERCOT_NORTHCENTRAL,Dallas,"44.9221,-123.313 ",1.170
2024,Microsoft Azure,eastusstage,PJM,US-MIDA-PJM,PJM_SOUTHWEST_OH,US East (Ohio),"39.8689,-84.3292 ",1.170
2024,Microsoft Azure,eastus2stage,PJM,US-MIDA-PJM,PJM_DC,US East (N. Virginia),"39.1057,-77.5544 ",1.170
2024,Microsoft Azure,northcentralusstage,MISO,US-MIDW-MISO,MISO_MASON_CITY,Iowa,"41.5725,-93.6105 ",1.170
2024,Microsoft Azure,southcentralusstage,MISO,US-MIDW-MISO,MISO_MASON_CITY,Iowa,"41.5725,-93.6105 ",1.170
2024,Microsoft Azure,westusstage,CAISO,US-CAL-CISO,CAISO_NORTH,US West (N. California),"34.0497,-118.1326 ",1.170
2024,Microsoft Azure,westus2stage,CAISO,US-CAL-CISO,CAISO_NORTH,US West (N. California),"34.0497,-118.1326 ",1.170
2024,Microsoft Azure,asia,Hong Kong,HK,HK,Asia Pacific (Hong Kong),"22.3,114.2",1.405
2024,Microsoft Azure,asiapacific,Singapore,SG,SGP,Singapore,"1.3,103.8",1.405
2024,Microsoft Azure,australia,Victoria,AUS-VIC,NEM_VIC,Asia Pacific (Melbourne),"-37.8142,144.963",1.405
2024,Microsoft Azure,brazil,Brazil,BR-CS,BRA,Brazil,"-3.45,-68.95",1.170
2024,Microsoft Azure,canada,Quebec,CA-QC,HQ,Canada (Central),"45.5089,-73.5617",1.170
2024,Microsoft Azure,europe,France,FR,FR,Europe (Paris),"48.8567,2.3522",1.185
2024,Microsoft Azure,france,France,FR,FR,Paris,"48.8567,2.3522",1.185
2024,Microsoft Azure,germany,Germany,DE,DE,Europe (Frankfurt),"50.1106,8.6822",1.185
2024,Microsoft Azure,global,,,,,,1.180
2024,Microsoft Azure,india,India,,IND,Asia Pacific (Hyderabad),"17.385,78.4867 ",1.405
2024,Microsoft Azure,japan,Tokyo,JP-TK,JP_TK,Tokyo,"35.6897,139.692",1.405
2024,Microsoft Azure,korea,South Korea,KR,KOR,Seoul,"37.56,126.99",1.405
2024,Microsoft Azure,norway,Norway,NO,NO,Europe(Bergen),"60.3894,5.33 ",1.185
2024,Microsoft Azure,singapore,Singapore,SG,SGP,Singapore,"1.3,103.8",1.405
2024,Microsoft Azure,southafrica,South Africa,ZA,ZA,Africa (Cape Town),"-33.9253,18.4239 ",1.185
2024,Microsoft Azure,sweden,Sweden,SE,SE,Europe (Stockholm),"59.3294,18.0686 ",1.185
2024,Microsoft Azure,switzerland,Switzerland,CH,CH,Europe (Zurich),"47.3744,8.5411",1.185
2024,Microsoft Azure,uae,UAE,AE,AE,Middle East (UAE),"25.2631,55.2972 ",1.185
2024,Microsoft Azure,uk,Great Britain,GB,UK,London,"51.726,-0.3",1.185
2024,Microsoft Azure,unitedstates,CAISO,US-CAL-CISO,CAISO_NORTH,US West (N. California),"34.0497,-118.1326 ",1.170
2024,Microsoft Azure,unitedstateseuap,CAISO,US-CAL-CISO,CAISO_NORTH,US West (N. California),"34.0497,-118.1326 ",1.170
2024,Microsoft Azure,eastasiastage,Singapore,SG,SGP,Singapore,"1.3,103.8",1.405
2024,Microsoft Azure,southeastasiastage,Singapore,SG,SGP,Singapore,"1.3,103.8",1.405
2024,Microsoft Azure,brazilus,Brazil,BR-CS,BRA,Brazil,"-3.45,-68.95",1.700
2024,Microsoft Azure,eastusstg,PJM,US-MIDA-PJM,PJM_SOUTHWEST_OH,US East (Ohio),,1.700
2024,Microsoft Azure,northcentralus,ERCOT,US-TEX-ERCO,ERCOT_NORTHCENTRAL,Dallas,"44.9221,-123.313 ",1.700
2024,Microsoft Azure,westus,CAISO,US-CAL-CISO,CAISO_NORTH,US West (N. California),"34.0497,-118.1326 ",1.700
2024,Microsoft Azure,japanwest,Tokyo,JP-TK,JP_TK,Tokyo,"35.6897,139.692",1.405
2024,Microsoft Azure,jioindiawest,India,,IND,Asia Pacific (Hyderabad),"17.385,78.4867 ",1.405
2024,Microsoft Azure,eastus2euap,PJM,US-MIDA-PJM,PJM_SOUTHWEST_OH,US East (Ohio),"39.8689,-84.3292 ",1.700
2024,Microsoft Azure,westcentralus,CAISO,US-CAL-CISO,CAISO_NORTH,US West (N. California),"34.0497,-118.1326 ",1.700
2024,Microsoft Azure,southafricawest,South Africa,ZA,ZA,Africa (Cape Town),"-33.9253,18.4239 ",1.185
2024,Microsoft Azure,australiacentral,Victoria,AUS-VIC,NEM_VIC,Asia Pacific (Melbourne),"-37.8142,144.963",1.405
2024,Microsoft Azure,australiacentral2,Victoria,AUS-VIC,NEM_VIC,Asia Pacific (Melbourne),"-37.8142,144.963",1.405
2024,Microsoft Azure,australiasoutheast,Victoria,AUS-VIC,NEM_VIC,Asia Pacific (Melbourne),"-37.8142,144.963",1.405
2024,Microsoft Azure,jioindiacentral,India,,IND,Asia Pacific (Hyderabad),"17.385,78.4867 ",1.405
2024,Microsoft Azure,koreasouth,South Korea,KR,KOR,Seoul,"37.56,126.99",1.405
2024,Microsoft Azure,southindia,India,,IND,Asia Pacific (Hyderabad),"17.385,78.4867 ",1.405
2024,Microsoft Azure,westindia,India,,IND,Asia Pacific (Hyderabad),"17.385,78.4867 ",1.405
2024,Microsoft Azure,canadaeast,Quebec,CA-QC,HQ,Canada (Central),"45.5089,-73.5617",1.700
2024,Microsoft Azure,francesouth,France,FR,FR,Paris,"48.8567,2.3522",1.185
2024,Microsoft Azure,germanynorth,Germany,DE,DE,Europe (Frankfurt),"50.1106,8.6822",1.185
2024,Microsoft Azure,norwaywest,Norway,NO,NO,Europe(Bergen),"60.3894,5.33 ",1.185
2024,Microsoft Azure,switzerlandwest,Switzerland,CH,CH,Europe (Zurich),"47.3744,8.5411",1.185
2024,Microsoft Azure,ukwest,Great Britain,GB,UK,London,"51.726,-0.3",1.185
2024,Microsoft Azure,uaecentral,UAE,AE,AE,Middle East (UAE),"25.2631,55.2972 ",1.185
2024,Microsoft Azure,brazilsoutheast,Brazil,BR-CS,BRA,Brazil,"-3.45,-68.95",1.700
2021,Google Cloud,asia-east1,Taiwan,TW,TW,Taiwan,"25.0375,121.5625",1.100
2021,Google Cloud,asia-east2,Hong Kong,HK,HK,Hong Kong,"22.3,114.2",1.100
2021,Google Cloud,asia-northeast1,Tokyo,JP-TK,JP_TK,Tokyo,"35.6897,139.692",1.100
2021,Google Cloud,asia-northeast2,Kansai,JP-KN,JP_KN,Osaka,"34.6939,135.502",1.100
2021,Google Cloud,asia-northeast3,South Korea,KR,KOR,Seoul,"37.56,126.99",1.100
2021,Google Cloud,asia-south1,Maharashtra,IN-MH,IND,Mumbai,"19.0761,72.8775",1.100
2021,Google Cloud,asia-south2,Uttar Pradesh,IN-UP,IND,Delhi,"28.6092,76.9798",1.100
2021,Google Cloud,asia-southeast1,Singapore,SG,SGP,Singapore,"1.3,103.8",1.100
2021,Google Cloud,asia-southeast2,Indonesia,ID,,Jakarta,"-6.2507,106.869",1.100
2021,Google Cloud,australia-southeast1,New South Wales,AUS-NSW,NEM_NSW,Sydney,"-33.8678,151.21",1.100
2021,Google Cloud,australia-southeast2,Victoria,AUS-VIC,NEM_VIC,Melbourne,"-37.8142,144.963",1.100
2021,Google Cloud,europe-central2,Poland,PL,PL,Warsaw,"52.23,21.0111",1.100
2021,Google Cloud,europe-north1,Finland,FI,FI,Finland,"60.1708,24.9375",1.100
2021,Google Cloud,europe-southwest1,Spain,ES,ES,Madrid,"40.3333,-3.8667",1.100
2021,Google Cloud,europe-west1,Belgium,BE,BE,Belgium,"51.1333,4.5667",1.100
2021,Google Cloud,europe-west2,Great Britain,GB,UK,London,"51.726,-0.3",1.100
2021,Google Cloud,europe-west3,Germany,DE,DE,Frankfurt,"50.1106,8.6822",1.100
2021,Google Cloud,europe-west4,Netherlands,NL,NL,Netherlands,"51.9167,4.5",1.100
2021,Google Cloud,europe-west6,Switzerland,CH,CH,Zurich,"47.3744,8.5411",1.100
2021,Google Cloud,europe-west8,North Italy,IT,IT,Milan,"45.4669,9.19",1.100
2021,Google Cloud,europe-west9,France,FR,FR,Paris,"48.8567,2.3522",1.100
2021,Google Cloud,northamerica-northeast1,Quebec,CA-QC,HQ,Montr�al,"45.5089,-73.5617",1.100
2021,Google Cloud,northamerica-northeast2,Ontario,CA-ON,IESO_NORTH,Toronto,"43.7417,-79.3733",1.100
2021,Google Cloud,southamerica-east1,Central Brazil,BR-CS,BRA,S�o Paulo,"-3.45,-68.95",1.100
2021,Google Cloud,southamerica-west1,Chile,CL-SEN,CHL,Santiago,"-33.4372,-70.6506 ",1.100
2021,Google Cloud,us-central1,MISO,US-MIDW-MISO,MISO_MASON_CITY,Iowa,"41.5725,-93.6105 ",1.100
2021,Google Cloud,us-east1,SC,US-CAR-SC,SC,South Carolina,"34.8354,-82.3646 ",1.100
2021,Google Cloud,us-east4,PJM,US-MIDA-PJM,PJM_DC,Northern Virginia,"39.1057,-77.5544 ",1.100
2021,Google Cloud,us-east5,PJM,US-MIDA-PJM,PJM_SOUTHWEST_OH,Columbus,"41.4366,-97.3565 ",1.100
2021,Google Cloud,us-south1,ERCOT,US-TEX-ERCO,ERCOT_NORTHCENTRAL,Dallas,"44.9221,-123.313 ",1.100
2021,Google Cloud,us-west1,BPA,US-NW-BPAT,BPA,Oregon,"45.5372,-122.3955 ",1.100
2021,Google Cloud,us-west2,CAISO,US-CAL-CISO,LDWP,Los Angeles,"34.1141,-118.4068 ",1.100
2021,Google Cloud,us-west3,PACE,US-NW-PACE,PACE,Salt Lake City,"40.7776,-111.9311 ",1.100
2021,Google Cloud,us-west4,NVE,US-NW-NEVP,NEVP,Las Vegas,"35.6011,-105.2206 ",1.100
2021,Amazon Web Services,us-east-2,PJM,US-MIDA-PJM,PJM_SOUTHWEST_OH,US East (Ohio),"39.8689,-84.3292 ",1.200
2021,Amazon Web Services,us-east-1,PJM,US-MIDA-PJM,PJM_DC,US East (N. Virginia),"39.1057,-77.5544 ",1.200
2021,Amazon Web Services,us-west-1,CAISO,US-CAL-CISO,CAISO_NORTH,US West (N. California),"34.0497,-118.1326 ",1.200
2021,Amazon Web Services,us-west-2,BPA,US-NW-BPAT,BPA,US West (Oregon),"45.5371,-122.65 ",1.200
2021,Amazon Web Services,af-south-1,,ZA,ZA,Africa (Cape Town),"-33.9253,18.4239 ",1.200
2021,Amazon Web Services,ap-east-1,Hong Kong,HK,HK,Asia Pacific (Hong Kong),"22.3,114.2",1.200
2021,Amazon Web Services,ap-south-2,,,IND,Asia Pacific (Hyderabad),"17.385,78.4867 ",1.200
2021,Amazon Web Services,ap-southeast-3,Indonesia,ID,ID,Asia Pacific (Jakarta),"-6.175,106.8275 ",1.200
2021,Amazon Web Services,ap-southeast-4,Victoria,AUS-VIC,NEM_VIC,Asia Pacific (Melbourne),"-37.8142,144.963",1.200
2021,Amazon Web Services,ap-south-1,Maharashtra,IN-MH,IND,Asia Pacific (Mumbai),"19.0761,72.8775",1.200
2021,Amazon Web Services,ap-northeast-3,Kansai,JP-KN,JP_KN,Asia Pacific (Osaka),"34.6939,135.502",1.200
2021,Amazon Web Services,ap-northeast-2,South Korea,KR,KOR,Asia Pacific (Seoul),"37.56,126.99",1.200
2021,Amazon Web Services,ap-southeast-1,Singapore,SG,SGP,Asia Pacific (Singapore),"1.3,103.8",1.200
2021,Amazon Web Services,ap-southeast-2,New South Wales,AUS-NSW,NEM_NSW,Asia Pacific (Sydney),"-33.8678,151.21",1.200
2021,Amazon Web Services,ap-northeast-1,Tokyo,JP-TK,JP_TK,Asia Pacific (Tokyo),"35.6897,139.692",1.200
2021,Amazon Web Services,ca-central-1,Quebec,CA-QC,HQ,Canada (Central),"45.5089,-73.5617",1.200
2021,Amazon Web Services,eu-central-1,Germany,DE,DE,Europe (Frankfurt),"50.1106,8.6822",1.200
2021,Amazon Web Services,eu-west-1,,,IE,Europe (Ireland),"53.35,-6.2603 ",1.200
2021,Amazon Web Services,eu-west-2,Great Britain,GB,UK,Europe (London),"51.726,-0.3",1.200
2021,Amazon Web Services,eu-south-1,North Italy,IT,IT,Europe (Milan),"45.4669,9.19",1.200
2021,Amazon Web Services,eu-west-3,France,FR,FR,Europe (Paris),"48.8567,2.3522",1.200
2021,Amazon Web Services,eu-north-1,Spain,ES,SE,Europe (Stockholm),"59.3294,18.0686 ",1.200
2021,Amazon Web Services,il-central-1,,IL,IL,Israel (Tel Aviv),"32.0167,34.7667",1.200
2021,Amazon Web Services,me-south-1,,,,Middle East (Bahrain),"26.219,50.538 ",1.200
2021,Amazon Web Services,me-central-1,,AE,AE,Middle East (UAE),"25.2631,55.2972 ",1.200
2021,Amazon Web Services,sa-east-1,Central Brazil,BR-CS,BRA,South America (S�o Paulo),"-3.45,-68.95",1.200
2021,Amazon Web Services,us-gov-east-1,PJM,US-MIDA-PJM,PJM_DC,GovCloud (US East),"39.1057,-77.5544 ",1.200
2021,Amazon Web Services,us-gov-west-1,BPA,US-NW-BPAT,BPA,GovCloud (US West),"45.5371,-122.65 ",1.200
2021,Amazon Web Services,cn-north-1,,,,China (Beijing),"39.904,116.4075 ",1.200
2021,Amazon Web Services,cn-northwest-1,,,,China (Ningxia),"38.4795,106.2254 ",1.200
2020,Google Cloud,asia-east1,Taiwan,TW,TW,Taiwan,"25.0375,121.5625",1.100
2020,Google Cloud,asia-east2,Hong Kong,HK,HK,Hong Kong,"22.3,114.2",1.100
2020,Google Cloud,asia-northeast1,Tokyo,JP-TK,JP_TK,Tokyo,"35.6897,139.692",1.100
2020,Google Cloud,asia-northeast2,Kansai,JP-KN,JP_KN,Osaka,"34.6939,135.502",1.100
2020,Google Cloud,asia-northeast3,South Korea,KR,KOR,Seoul,"37.56,126.99",1.100
2020,Google Cloud,asia-south1,Maharashtra,IN-MH,IND,Mumbai,"19.0761,72.8775",1.100
2020,Google Cloud,asia-south2,Uttar Pradesh,IN-UP,IND,Delhi,"28.6092,76.9798",1.100
2020,Google Cloud,asia-southeast1,Singapore,SG,SGP,Singapore,"1.3,103.8",1.100
2020,Google Cloud,asia-southeast2,Indonesia,ID,ID,Jakarta,"-6.2507,106.869",1.100
2020,Google Cloud,australia-southeast1,New South Wales,AUS-NSW,NEM_NSW,Sydney,"-33.8678,151.21",1.100
2020,Google Cloud,australia-southeast2,Victoria,AUS-VIC,NEM_VIC,Melbourne,"-37.8142,144.963",1.100
2020,Google Cloud,europe-central2,Poland,PL,PL,Warsaw,"52.23,21.0111",1.100
2020,Google Cloud,europe-north1,Belgium,BE,BE,Finland,"60.1708,24.9375",1.100
2020,Google Cloud,europe-west1,Great Britain,GB,UK,Belgium,"51.1333,4.5667",1.100
2020,Google Cloud,europe-west2,Germany,DE,DE,London,"51.726,-0.3",1.100
2020,Google Cloud,europe-west3,Netherlands,NL,NL,Frankfurt,"50.1106,8.6822",1.100
2020,Google Cloud,europe-west4,Switzerland,CH,CH,Netherlands,"51.9167,4.5",1.100
2020,Google Cloud,europe-west6,North Italy,IT,IT,Zurich,"47.3744,8.5411",1.100
2020,Google Cloud,northamerica-northeast1,Quebec,CA-QC,HQ,Montr�al,"45.5089,-73.5617",1.100
2020,Google Cloud,southamerica-east1,Central Brazil,BR-CS,BRA,S�o Paulo,"-3.45,-68.95",1.100
2020,Google Cloud,us-central1,MISO,US-MIDW-MISO,MISO_MASON_CITY,Iowa,"41.5725,-93.6105 ",1.100
2020,Google Cloud,us-east1,SC,US-CAR-SC,SC,South Carolina,"34.8354,-82.3646 ",1.100
2020,Google Cloud,us-east4,PJM,US-MIDA-PJM,PJM_DC,Northern Virginia,"39.1057,-77.5544 ",1.100
2020,Google Cloud,us-west1,BPA,US-NW-BPAT,BPA,Oregon,"45.5372,-122.3955 ",1.100
2020,Google Cloud,us-west2,CAISO,US-CAL-CISO,LDWP,Los Angeles,"34.1141,-118.4068 ",1.100
2020,Google Cloud,us-west3,PACE,US-NW-PACE,PACE,Salt Lake City,"40.7776,-111.9311 ",1.100
2020,Google Cloud,us-west4,NVE,US-NW-NEVP,NEVP,Las Vegas,"35.6011,-105.2206 ",1.100
2019,Google Cloud,asia-east1,Taiwan,TW,TW,Taiwan,"25.0375,121.5625",1.100
2019,Google Cloud,asia-east2,Hong Kong,HK,HK,Hong Kong,"22.3,114.2",1.100
2019,Google Cloud,asia-northeast1,Tokyo,JP-TK,JP_TK,Tokyo,"35.6897,139.692",1.100
2019,Google Cloud,asia-northeast2,Kansai,JP-KN,JP_KN,Osaka,"34.6939,135.502",1.100
2019,Google Cloud,asia-northeast3,South Korea,KR,KOR,Seoul,"37.56,126.99",1.100
2019,Google Cloud,asia-south1,Maharashtra,IN-MH,IND,Mumbai,"19.0761,72.8775",1.100
2019,Google Cloud,asia-southeast1,Singapore,SG,SGP,Singapore,"1.3,103.8",1.100
2019,Google Cloud,asia-southeast2,Indonesia,ID,ID,Jakarta,"-6.2507,106.869",1.100
2019,Google Cloud,australia-southeast1,New South Wales,AUS-NSW,NEM_NSW,Sydney,"-33.8678,151.21",1.100
2019,Google Cloud,europe-north1,Victoria,AUS-VIC,NEM_VIC,Finland,"60.1708,24.9375",1.100
2019,Google Cloud,europe-west1,Belgium,BE,BE,Belgium,"51.1333,4.5667",1.100
2019,Google Cloud,europe-west2,Great Britain,GB,UK,London,"51.726,-0.3",1.100
2019,Google Cloud,europe-west3,Germany,DE,DE,Frankfurt,"50.1106,8.6822",1.100
2019,Google Cloud,europe-west4,Netherlands,NL,NL,Netherlands,"51.9167,4.5",1.100
2019,Google Cloud,europe-west6,Switzerland,CH,CH,Zurich,"47.3744,8.5411",1.100
2019,Google Cloud,northamerica-northeast1,Quebec,CA-QC,HQ,Montreal,"45.5089,-73.5617",1.100
2019,Google Cloud,southamerica-east1,Central Brazil,BR-CS,BRA,Sao Paulo,"-3.45,-68.95",1.100
2019,Google Cloud,us-central1,MISO,US-MIDW-MISO,MISO_MASON_CITY,Iowa,"41.5725,-93.6105 ",1.100
2019,Google Cloud,us-east1,SC,US-CAR-SC,SC,South Carolina,"34.8354,-82.3646 ",1.100
2019,Google Cloud,us-east4,PJM,US-MIDA-PJM,PJM_DC,Northern Virginia,"39.1057,-77.5544 ",1.100
2019,Google Cloud,us-west1,BPA,US-NW-BPAT,BPA,Oregon,"45.5372,-122.3955 ",1.100
2019,Google Cloud,us-west2,CAISO,US-CAL-CISO,LDWP,Los Angeles,"34.1141,-118.4068 ",1.100
2019,Google Cloud,us-west3,PACE,US-NW-PACE,PACE,Salt Lake City,"40.7776,-111.9311 ",1.100
2019,Google Cloud,us-west4,NVE,US-NW-NEVP,NEVP,Las Vegas,"35.6011,-105.2206 ",1.100
